name,country,url,description,query,score,page
,?,https://www.europages.fr/fr/company/ag-vins-22246989/products/chartron-la-grave-bordeaux-vin-rouge-francais-75cl-36098363,,location-engins-Bordeaux,0,1
,?,https://www.europages.fr/fr/company/chateau-dorigny-20861965/products/suite-pivoines-la-suite-comprend-une-piece-principale-un-salon-prive-et-une-salle-de-bain-35728816,,location-engins-Bordeaux,0,1
,?,https://www.europages.fr/fr/company/armagnac-castarede-22224869/products/la-gamme-bas-armagnac-chateau-de-maniban-35731374,,location-engins-Bordeaux,0,1
,?,https://www.europages.fr/fr/company/diffusion-materiel-industriel-dmi-france-21847108/products/portique-motorise-35594912,,location-engins-Bordeaux,0,1
,?,https://www.europages.fr/fr/company/sas-007business-pragen-22208217/products/champagne-prestige-princess-tigress-75-cl-carton-x-6-bouteilles-35664061,,location-engins-Bordeaux,0,1
,?,https://www.europages.fr/fr/company/les-bons-artisans-22234450/products/electricien-professionnel-a-bordeaux-interventions-rapides-et-devis-gratuits-35294898,,location-engins-Bordeaux,0,1
,?,https://www.europages.fr/fr/company/aptiskills-22195593/products/ingenieur-etudes-voies-ferrees-hf-35479989,,location-engins-Bordeaux,0,1
,?,https://www.europages.fr/fr/company/odesto-sarl-22214133/products/bordeaux-chateau-la-borie-vin-blanc-2018-35303114,,location-engins-Bordeaux,0,1
,?,https://www.europages.fr/fr/company/huelsemann-coatings-gmbh-479653,,location-engins-Bordeaux,0,1
,?,https://www.europages.fr/fr/company/horizon-360-advertising-22250893/products/service-dimpression-marketing-35662584,,location-engins-Bordeaux,0,1
,?,https://www.europages.fr/fr/company/cuvelier-fauvarque-22204065/products/chateau-le-crock-2008-cru-bourgeois-exceptionnel-36764152,,location-engins-Bordeaux,0,1
,?,https://www.europages.fr/fr/company/chateaux-et-vins-de-bordeaux-22247363/products/bordeaux-rose-assemblage-de-merlot-cabernet-franc-et-cabernet-sauvignon-35269228,,location-engins-Bordeaux,0,1
,?,https://www.europages.fr/fr/company/s3d-engineering-scan-3d-batiment-industrie-22200986/products/numerisation-3d-precision-digitale-a-bordeaux-35736756,,location-engins-Bordeaux,0,1
,?,https://www.europages.fr/fr/company/vins-et-passions-22249661/products/chateau-munch-cuvee-elisa-2015-75cl-aoc-lussac-saint-emilion-35723470,,location-engins-Bordeaux,0,1
,?,https://www.europages.fr/fr/company/societe-achat-discount-22225637/products/destockage-vins-cotes-de-bordeaux-prix-imbattables-35472977,,location-engins-Bordeaux,0,1
,?,https://www.europages.fr/fr/company/rbl-rei-20047711/products/projet-de-micronisation-et-gazeification-dunkerque-biotfuel-35323301,,location-engins-Bordeaux,0,1
,?,https://www.europages.fr/fr/company/sitwicom-22246571/products/service-de-referencement-web-pour-visibilite-google-35521496,,location-engins-Bordeaux,0,1
,?,https://www.europages.fr/fr/company/round-solutions-gmbh-co-kg-22129237/products/sim-card-holder-push-lockpush-35564108,,location-engins-Bordeaux,0,1
,?,https://www.europages.fr/fr/company/sealogis-conciergerie-22319124,,location-engins-Bordeaux,0,1
,?,https://www.europages.fr/fr/company/cubner-sas-20589786/products/kit-panneaux-solaires-pour-conteneur-20-pieds-37238982,,location-engins-Bordeaux,0,1
,?,https://www.europages.fr/fr/company/barriere-freres-sa-22169481/products/bordeaux-wines-grands-crus-classes-medoc-chateau-hautbrion-35572439,,location-engins-Bordeaux,0,1
,?,https://www.europages.fr/fr/company/claux-22239212/products/shelters-pour-divers-domaines-dapplication-35600030,,location-engins-Bordeaux,0,1
,?,https://www.europages.fr/fr/company/italian-world-srl-22315622,,location-engins-Bordeaux,0,1
,?,https://www.europages.fr/fr/company/les-arrangeurs-francais-22237637/products/rhum-fruit-de-la-passion-bio-boisson-spiritueuse-35778810,,location-engins-Bordeaux,0,1
,?,https://www.europages.fr/fr/company/iziweb33-22133778/products/formation-bureautique-pack-office-formation-eligible-financement-35299979,,location-engins-Bordeaux,0,1
,?,https://www.europages.fr/fr/company/selection-patrick-clerget-21836112/products/vins-de-domaines-a-forte-renommee-35960614,,location-engins-Bordeaux,0,1
,?,https://www.europages.fr/fr/company/happiness-22238307/products/referencement-naturel-bordeaux-et-pau-35647242,,location-engins-Bordeaux,0,1
,?,https://www.europages.fr/fr/company/dixvins-21319145/products/margaux-chateau-ferriere-chateau-ferriere-bordeaux-35737277,,location-engins-Bordeaux,0,1
,?,https://www.europages.fr/fr/company/scea-chateau-brande-bergere-22251597/products/vin-de-bordeaux-chateau-brande-bergere-chateau-brande-bergere-35566306,,location-engins-Bordeaux,0,1
,?,https://www.europages.fr/fr/company/melba-gastronomie-20502064/products/caviar-descagots-le-nex-plus-ultra-35286573,,location-engins-Bordeaux,0,1
,?,https://www.europages.fr/fr/company/cordifrance-22262307/products/pose-dechafaudage-pour-travaux-en-hauteur-paris-35261866,,travaux-publics-Bordeaux,0,1
,?,https://www.europages.fr/fr/company/superplus-nettoyage-sas-22392205,,travaux-publics-Bordeaux,0,1
,?,https://www.europages.fr/fr/company/bkstp-22286577,,travaux-publics-Bordeaux,0,1
,?,https://www.europages.fr/fr/company/akceptum-ag-20035486,,travaux-publics-Bordeaux,0,1
,?,https://www.europages.fr/fr/company/ardic-renovation-22256353/products/carrelage-de-qualite-35395883,,travaux-publics-Bordeaux,0,1
,?,https://www.europages.fr/fr/company/pacosar-conseil-22306504,,travaux-publics-Bordeaux,0,1
,?,https://www.europages.fr/fr/company/sas-thierry-tp-31-22232298/products/travaux-de-maconnerie-protection-par-grillages-rigides-35242636,,travaux-publics-Bordeaux,0,1
,?,https://www.europages.fr/fr/company/conseils-et-construction-20102779/products/maitre-doeuvre-maison-puy-de-dome-maitre-doeuvre-et-constructeur-de-maison-individuelle-puy-de-dome-35280021,,travaux-publics-Bordeaux,0,1
,?,https://www.europages.fr/fr/company/matteo-bellinato-consulting-22181440/products/costruzioni-cons-itaco-e-un-international-contractors-service-35801103,,travaux-publics-Bordeaux,0,1
,?,https://www.europages.fr/fr/company/blydan-projects-22307719,,travaux-publics-Bordeaux,0,1
,?,https://www.europages.fr/fr/company/national-groundworks-ltd-22353355,,travaux-publics-Bordeaux,0,1
,?,https://www.europages.fr/fr/company/mrd-obras-y-reformas-20062644/products/obras-y-reformas-integrales-obras-y-reformas-integrales-en-sevilla-y-poblaciones-35421310,,travaux-publics-Bordeaux,0,1
,?,https://www.europages.fr/fr/company/ateli-eco-22246440/products/economie-de-la-construction-en-maitrise-doeuvre-moe-35656844,,travaux-publics-Bordeaux,0,1
,?,https://www.europages.fr/fr/company/artisans-reunis-22310639,,travaux-publics-Bordeaux,0,1
,?,https://www.europages.fr/fr/company/24experts-ek-22286242,,travaux-publics-Bordeaux,0,1
,?,https://www.europages.fr/fr/company/dittaposapiu-di-piazza-eugenio-20343984/products/ristrutturazione-bagno-disabili-risolvi-le-barriere-architettoniche-nella-tua-casa-35696073,,travaux-publics-Bordeaux,0,1
,?,https://www.europages.fr/fr/company/hjpe-permis-de-construire-declaration-prealable-appels-doffres-a-distance-22335155,,travaux-publics-Bordeaux,0,1
,?,https://www.europages.fr/fr/company/sarl-cool-travaux-habitat-22352300,,travaux-publics-Bordeaux,0,1
,?,https://www.europages.fr/fr/company/restauro-20153353/products/schluesselfertige-renovierungen-neubauprojekte-35737253,,travaux-publics-Bordeaux,0,1
,?,https://www.europages.fr/fr/company/brimer-valles-sl-22369270,,travaux-publics-Bordeaux,0,1
,?,https://www.europages.fr/fr/company/auxibati-22358305,,travaux-publics-Bordeaux,0,1
,?,https://www.europages.fr/fr/company/eco-energia-3000-22257064/products/materiaux-de-construction-bordeaux-pointp-35469061,,travaux-publics-Bordeaux,0,1
,?,https://www.europages.fr/fr/company/alberto-20047537/products/moteur-yanmar-4tnv98-pour-agri-ou-tp-35944133,,engins-TP-Aquitaine,0,1
,?,https://www.europages.fr/fr/company/auto-piece-burguiere-20041876/products/injecteurs-audi-35942393,,engins-TP-Aquitaine,0,1
,?,https://www.europages.fr/fr/company/cazique-gmbh-22354799,,engins-TP-Aquitaine,0,1
,?,https://www.europages.fr/fr/company/ruthmann-pumpen-llc-427181,,engins-TP-Aquitaine,0,1
,?,https://www.europages.fr/fr/company/fast-services-auto-injecteurland-22329816,,engins-TP-Aquitaine,0,1
,?,https://www.europages.fr/fr/company/bms-beton-makina-servis-ltd-20050187/products/beton-pompasi-everdigm-ecp-37-cx-5-boom-concrete-pump-35721879,,engins-TP-Aquitaine,0,1
,?,https://www.europages.fr/fr/company/alchemist-technologies-22254898/products/heavy-type-chisel-ploughs-katcp-karaca-35579020,,engins-TP-Aquitaine,0,1
,?,https://www.europages.fr/fr/company/mgt-group-lubricants-22299714,,engins-TP-Aquitaine,0,1
,?,https://www.europages.fr/fr/company/neftgen-muehendi%CC%87sli%CC%87k-ve-di%C5%9F-ti%CC%87caret-anoni%CC%87m-%C5%9Fi%CC%87rketi%CC%87-22362341,,engins-TP-Aquitaine,0,1
,?,https://www.europages.fr/fr/company/polat-pres-polat-pres-tesi%CC%87sat-armatuer-sanayi%CC%87-ve-ti%CC%87caret-li%CC%87mi%CC%87ted-%C5%9Fi%CC%87rketi%CC%87-22392278,,engins-TP-Aquitaine,0,1
,?,https://www.europages.fr/fr/company/dogus-teknik-makina-insaat-ltd-20139509/products/sermac-concrete-pump-concrete-pump-35387399,,engins-TP-Aquitaine,0,1
,?,https://www.europages.fr/fr/company/safran-power-units-20697897/products/turboreacteur-tr-60-30-fiabilite-operationnelle-35626270,,engins-TP-Aquitaine,0,1
,?,https://www.europages.fr/fr/company/diener-precision-pumps-ltd-22290529,,engins-TP-Aquitaine,0,1
,?,https://www.europages.fr/fr/company/sas-123-assainissement-22311573,,engins-TP-Aquitaine,0,1
,?,https://www.europages.fr/fr/company/finish-thompson-gmbh-20133920/products/sealless-pumps-db3-35740618,,engins-TP-Aquitaine,0,1
,?,https://www.europages.fr/fr/company/petrotec-inovacao-e-industria-sa-21548532/products/bombas-de-combustivel-linha-industrial-p1500-35422044,,engins-TP-Aquitaine,0,1
,?,https://www.europages.fr/fr/company/euromatequip-21290830/products/moteurs-marins-moteurs-marins-pour-la-peche-fluviale-et-servitude-35427088,,engins-TP-Aquitaine,0,1
,?,https://www.europages.fr/fr/company/aep-paris-sas-22381429,,engins-TP-Aquitaine,0,1
,?,https://www.europages.fr/fr/company/entreprise-vincent-degoutte-22301368,,engins-TP-Aquitaine,0,1
,?,https://www.europages.fr/fr/company/approved-engines-22291704,,engins-TP-Aquitaine,0,1
,?,https://www.europages.fr/fr/company/quintec-entwicklung-und-motorenbau-gmbh-20517591/products/turbolader-fuer-alle-automarken-garrett-borgwarner-mitsubishi-reman-lader-35378122,,engins-TP-Aquitaine,0,1
,?,https://www.europages.fr/fr/company/aqua-teknik-ltd-sti-22253675/products/manifolds-pump-chassis-electrogalvanized-and-static-painted-manifolds-36261895,,engins-TP-Aquitaine,0,1
,?,https://www.europages.fr/fr/company/bsp-auto-22131105/products/location-de-voitures-pas-chere-a-orlando-36291672,,carriere-Bordeaux,0,1
,?,https://www.europages.fr/fr/company/militzer-et-muench-france-20150382/products/service-de-transport-en-affretement-35526910,,carriere-Bordeaux,0,1
,?,https://www.europages.fr/fr/company/ag-vins-22246989/products/chateau-chamaille-blaye-cotes-de-bordeaux-vin-rouge-francais-75cl-35399640,,carriere-Bordeaux,0,1
,?,https://www.europages.fr/fr/company/rbeco-sp-z-oo-21238883/products/produttore-di-carta-stropicciata-triturata-produttore-di-carta-stropicciata-bordeaux-4mm-35471648,,carriere-Bordeaux,0,1
,?,https://www.europages.fr/fr/company/coursierxyz-22144606/products/transporteur-bordeaux-transporteur-bordeaux-coursier-express-35434150,,carriere-Bordeaux,0,1
,?,https://www.europages.fr/fr/company/my-private-service-service-de-conciergerie-chauffeur-a-paris-22303969,,carriere-Bordeaux,0,1
,?,https://www.europages.fr/fr/company/asn-transport-22189504/products/transporteur-paris-lille-transporteur-paris-lille-livraison-express-colis-palettes-724h-35329931,,carriere-Bordeaux,0,1
,?,https://www.europages.fr/fr/company/mehmen-theissen-gmbh-1317911,,carriere-Bordeaux,0,1
,?,https://www.europages.fr/fr/company/packpower-inh-simon-duex-1509188,,carriere-Bordeaux,0,1
,?,https://www.europages.fr/fr/company/nagel-und-hermann-og-640141,,carriere-Bordeaux,0,1
,?,https://www.europages.fr/fr/company/buxmann-werbeartikel-inh-lars-beck-998674,,carriere-Bordeaux,0,1
,?,https://www.europages.fr/fr/company/arcawa-gmbh-logistik-systeme-europe-1563625,,carriere-Bordeaux,0,1
,?,https://www.europages.fr/fr/company/ragaller-gastronomiebedarf-gmbh-1747384,,carriere-Bordeaux,0,1
,?,https://www.europages.fr/fr/company/arcawa-gmbh-1253694,,carriere-Bordeaux,0,1
,?,https://www.europages.fr/fr/company/firplast-22354032,,carriere-Bordeaux,0,1
,?,https://www.europages.fr/fr/company/etsioka-22200495/products/butterfly-plastic-bag-daisy-handful-plastic-bags-35309719,,carriere-Bordeaux,0,1
,?,https://www.europages.fr/fr/company/chateaux-et-vins-de-bordeaux-22247363/products/le-bordeaux-du-cardinal-assemblage-de-merlot-cabernet-franc-et-cabernet-sauvignon-35843644,,carriere-Bordeaux,0,1
,?,https://www.europages.fr/fr/company/bbati-22265775/products/revetement-de-sol-avec-systeme-de-clic-35576360,,carriere-Bordeaux,0,1
,?,https://www.europages.fr/fr/company/tdb-solution-22200598/products/cire-dolive-pour-bougies-moulees-et-fondants-ecoolive-36065454,,carriere-Bordeaux,0,1
,?,https://www.europages.fr/fr/company/spree-verpackungs-handels-gmbh-1392264,,carriere-Bordeaux,0,1
,?,https://www.europages.fr/fr/company/creation-packaging-20865644/products/sac-optique-violet-poignees-papier-torsadees-36274659,,carriere-Bordeaux,0,1
,?,https://www.europages.fr/fr/company/topristorazione-22131467/products/carrello-di-servizio-inox-5-piani-dimensione-ripiano-80x50-cm-ca1426-36758306,,carriere-Bordeaux,0,1
,?,https://www.europages.fr/fr/company/concept-werbung-gerhard-trautmann-ek-21213495/products/xxl-baumwolltasche-stofftasche-format-ca-60-x-48-x-15-cm-37306935,,carriere-Bordeaux,0,1
,?,https://www.europages.fr/fr/company/masternou-20718176/products/ofertas-comerciales-promociones-y-ofertas-de-vehiculos-comerciales-35644585,,carriere-Bordeaux,0,1
,?,https://www.europages.fr/fr/company/barriere-freres-sa-22169481/products/bordeaux-white-wine-aoc-grand-bateau-blanc-35260053,,carriere-Bordeaux,0,1
,?,https://www.europages.fr/fr/company/sh-werbung-20045592/products/fahnenmast-kiel-mit-aussenliegender-seilfuehrung-75-mm-35641946,,carriere-Bordeaux,0,1
,?,https://www.europages.fr/fr/company/kroell-verpackung-gmbh-22274661/products/feinkartonagen-35641307,,carriere-Bordeaux,0,1
,?,https://www.europages.fr/fr/company/ter-touraine-emballage-recyclage-20700027/products/armoires-isothermes-pour-grande-distribution-armoire-isotec-isotherme-35501240,,carriere-Bordeaux,0,1
,?,https://www.europages.fr/fr/company/rbl-rei-20047711/products/traverse-frontaliere-lok-ma-chau-chine-35720906,,carriere-Bordeaux,0,1
,?,https://www.europages.fr/fr/company/betubed-packaging-gmbh-1918455,,materiel-chantier-Bordeaux,0,1
,?,https://www.europages.fr/fr/company/modugame-mg-sport-21834371/products/lot-de-10-tapis-scolaire-grain-cuir-200-x-100-x-4-cm-type-2-epaisseur-4-cm-35477449,,materiel-chantier-Bordeaux,0,1
,?,https://www.europages.fr/fr/company/uniton-22377971,,materiel-chantier-Bordeaux,0,1
,?,https://www.europages.fr/fr/company/demmler-gmbh-291019,,materiel-chantier-Bordeaux,0,1
,?,https://www.europages.fr/fr/company/fh-furniture-inh-frank-hohmann-1552621,,materiel-chantier-Bordeaux,0,1
,?,https://www.europages.fr/fr/company/sam-shoes-22357164,,materiel-chantier-Bordeaux,0,1
,?,https://www.europages.fr/fr/company/luca-global-group-srl-22128334/products/custom-window-manufacturer-for-france-wolfs-mouth-35435643,,materiel-chantier-Bordeaux,0,1
,?,https://www.europages.fr/fr/company/deja-ltd-20655149/products/custom-design-notebook-bloom-a5-europe-manufacturer-35559442,,materiel-chantier-Bordeaux,0,1
,?,https://www.europages.fr/fr/company/atelier-grech-22345711,,materiel-chantier-Bordeaux,0,1
,?,https://www.europages.fr/fr/company/filzring-ohg-976823,,materiel-chantier-Bordeaux,0,1
,?,https://www.europages.fr/fr/company/maison-riviere-20763576/products/chateau-cap-de-faugeres-castillon-cotes-de-bordeaux-vignobles-silvio-denz-35507339,,materiel-chantier-Bordeaux,0,1
,?,https://www.europages.fr/fr/company/gamma-elektronics-ltd-22250569/products/oliver-voltz-ov51454bd-gas-double-hob-30-mbar-stainless-steel-cast-iron-burners-35797232,,materiel-chantier-Bordeaux,0,1
,?,https://www.europages.fr/fr/company/deliterraneus-srl-22347568,,materiel-chantier-Bordeaux,0,1
,?,https://www.europages.fr/fr/company/diffusion-materiel-industriel-dmi-france-21847108/products/tirfor-manuel-35517071,,materiel-chantier-Bordeaux,0,1
,?,https://www.europages.fr/fr/company/fragiacomo-22157316/products/fragiacomo-icon-bag-collection-36000632,,materiel-chantier-Bordeaux,0,1
,?,https://www.europages.fr/fr/company/comber-logistics-22330690,,materiel-chantier-Bordeaux,0,1
,?,https://www.europages.fr/fr/company/hde-transit-20047558/products/operateur-economique-agree-certification-oea-35564486,,materiel-chantier-Bordeaux,0,1
,?,https://www.europages.fr/fr/company/gg-footwear-srl-20047478/products/lina-alto-womens-boots-35957755,,materiel-chantier-Bordeaux,0,1
,?,https://www.europages.fr/fr/company/chanussot-fils-20047731/products/fabrication-de-coffrets-et-presentoirs-en-bois-pour-vins-et-spiritueux-36280323,,materiel-chantier-Bordeaux,0,1
,?,https://www.europages.fr/fr/company/overparquet-22288900,,materiel-chantier-Bordeaux,0,1
,?,https://www.europages.fr/fr/company/francepierre-paris-22242788/products/montagnac-b1-fonce-montagnac-dauberoche-b1-fonce-pierre-de-dordogne-35375007,,materiel-chantier-Bordeaux,0,1
,?,https://www.europages.fr/fr/company/sft-gondrand-20120329/products/brexit-vos-douanes-par-gondrand-nous-sommes-votre-partenaire-par-vos-douanes-uk-35602182,,materiel-chantier-Bordeaux,0,1
,?,https://www.europages.fr/fr/company/les-bons-artisans-22234450/products/depannage-plombier-paris-1-75001-intervention-en-plomberie-a-paris-1-35490548,,materiel-chantier-Bordeaux,0,1
,?,https://www.europages.fr/fr/company/aptiskills-22195593/products/ingenieur-sites-et-sols-pollues-hf-35631402,,materiel-chantier-Bordeaux,0,1
,?,https://www.europages.fr/fr/company/latim-tissus-et-toiles-techniques-22233632/products/tissu-coton-traite-impermeable-35587554,,materiel-chantier-Bordeaux,0,1
,?,https://www.europages.fr/fr/company/oudimmo-acoustic-design-22362437,,materiel-chantier-Bordeaux,0,1
,?,https://www.europages.fr/fr/company/heimschuh-pitzi-gmbh-472378,,materiel-chantier-Bordeaux,0,1
,?,https://www.europages.fr/fr/company/team-concept-a-vogtland-gmbh-1090780,,materiel-chantier-Bordeaux,0,1
,?,https://www.europages.fr/fr/company/brojac-wine-alliance-22337927,,VRD-Bordeaux,0,1
,?,https://www.europages.fr/fr/company/la-compagnie-de-burgondie-22211395/products/cremant-de-bourgogne-reserve-brut-35490367,,VRD-Bordeaux,0,1
,?,https://www.europages.fr/fr/company/ag-vins-22246989/products/chateau-pichon-bellevue-graves-de-vayres-vin-rouge-francais-75cl-35360213,,VRD-Bordeaux,0,1
,?,https://www.europages.fr/fr/company/maison-riviere-20763576/products/chateau-de-lavagnac-bordeaux-rose-cepages-merlot-cabernet-sauvignon-35318932,,VRD-Bordeaux,0,1
,?,https://www.europages.fr/fr/company/bodegas-vereda-real-sl-22327245,,VRD-Bordeaux,0,1
,?,https://www.europages.fr/fr/company/villa-des-rois-22177327/products/bleu-royal-c-h-a-m-p-a-g-n-e-doux-35365283,,VRD-Bordeaux,0,1
,?,https://www.europages.fr/fr/company/odesto-sarl-22214133/products/bordeaux-chateau-la-grave-vin-blanc-moelleux-35696712,,VRD-Bordeaux,0,1
,?,https://www.europages.fr/fr/company/vignobles-kandler-22249124/products/chateau-tourril-livia-2019-aop-minervois-rouge-en-conversion-bio-35629927,,VRD-Bordeaux,0,1
,?,https://www.europages.fr/fr/company/le-vin-emoi-22201320/products/vin-blanc-bordeaux-blanc-chateau-petit-guillot-bio-2021-75-cl-vin-blanc-35582385,,VRD-Bordeaux,0,1
,?,https://www.europages.fr/fr/company/manoir-de-valette-22246327/products/bordeaux-superieur-cepages-merlot-et-cabernet-sauvignon-35575231,,VRD-Bordeaux,0,1
,?,https://www.europages.fr/fr/company/maison-le-star-vignobles-chateaux-22274061/products/chateau-guillaume-blanc-1562-rouge-2020-bordeaux-superieur-vin-rouge-aop-bordeaux-superieur-35794253,,VRD-Bordeaux,0,1
,?,https://www.europages.fr/fr/company/sarl-chai-berteaud-manceau-22344830,,VRD-Bordeaux,0,1
,?,https://www.europages.fr/fr/company/bodegas-bohorquez-22311163,,VRD-Bordeaux,0,1
,?,https://www.europages.fr/fr/company/luxurious-drinks-20756586/products/aman-tequila-reposado-36109006,,VRD-Bordeaux,0,1
,?,https://www.europages.fr/fr/company/domaine-gael-martin-22249953/products/julienas-red-burgundy-35352187,,VRD-Bordeaux,0,1
,?,https://www.europages.fr/fr/company/cavas-via-de-la-plata-20733064/products/reserva-chardonnay-chardonnay-reserva-brut-nature-35390805,,VRD-Bordeaux,0,1
,?,https://www.europages.fr/fr/company/prima-vindemia-distribuidora-en-exclusiva-de-vinos-y-destilados-22160255/products/loess-verdejo-loess-verdejo-un-vino-de-la-do-rueda-con-92-puntos-penin-35470716,,VRD-Bordeaux,0,1
,?,https://www.europages.fr/fr/company/domaine-mathias-20818670/products/pouilly-vinzelles-2023-36277805,,VRD-Bordeaux,0,1
,?,https://www.europages.fr/fr/company/barriere-freres-sa-22169481/products/bordeaux-wines-grands-crus-classes-medoc-chateau-lafiterotschild-35628515,,VRD-Bordeaux,0,1
,?,https://www.europages.fr/fr/company/melba-gastronomie-20502064/products/vins-de-bordeaux-appliquez-vous-a-bienmangeret-buvez-du-meilleur-35479443,,VRD-Bordeaux,0,1
,?,https://www.europages.fr/fr/company/grands-vins-de-gironde-20644023/products/chateaux-exclusives-35785693,,VRD-Bordeaux,0,1
,?,https://www.europages.fr/fr/company/vins-georgiens-22277935,,VRD-Bordeaux,0,1
,?,https://www.europages.fr/fr/company/dixvins-21319145/products/cadillac-cotes-de-bordeaux-chateau-de-paillet-quancard-2016-maison-cheval-bordeaux-35689650,,VRD-Bordeaux,0,1
,?,https://www.europages.fr/fr/company/scea-chateau-brande-bergere-22251597/products/cuvee-obyrne-brande-bergere-french-wine-bordeaux-35503953,,VRD-Bordeaux,0,1
,?,https://www.europages.fr/fr/company/vins-et-passions-22249661/products/chateau-francs-magnus-2017-75cl-aoc-bordeaux-superieur-35467558,,VRD-Bordeaux,0,1
,?,https://www.europages.fr/fr/company/haussmann-famille-20770387/products/chateau-cap-de-faugeres-vin-rouge-castillon-cotes-de-bordeaux-36242695,,VRD-Bordeaux,0,1
,?,https://www.europages.fr/fr/company/linguavox-sl-22184685/products/servicio-de-traducciones-tecnicas-35376894,,genie-civil-Bordeaux,0,1
,?,https://www.europages.fr/fr/company/domaine-de-pouteou-22298985,,genie-civil-Bordeaux,0,1
,?,https://www.europages.fr/fr/company/la-compagnie-de-burgondie-22211395/products/cremant-de-bourgogne-reserve-brut-35651558,,genie-civil-Bordeaux,0,1
,?,https://www.europages.fr/fr/company/ag-vins-22246989/products/la-sirene-de-giscours-margaux-vin-rouge-francais-75cl-35306666,,genie-civil-Bordeaux,0,1
,?,https://www.europages.fr/fr/company/maison-riviere-20763576/products/la-grande-dame-de-chateau-de-lavagnac-bordeaux-superieur-famille-riviere-35463696,,genie-civil-Bordeaux,0,1
,?,https://www.europages.fr/fr/company/sas-007business-pragen-22208217/products/champagne-prestige-pragen-presidential-150-cl-palette-xl-x-720-bouteilles-35506835,,genie-civil-Bordeaux,0,1
,?,https://www.europages.fr/fr/company/aptiskills-22195593/products/ingenieur-conception-installations-cfocfa-35683707,,genie-civil-Bordeaux,0,1
,?,https://www.europages.fr/fr/company/odesto-sarl-22214133/products/bordeaux-vin-rouge-35382127,,genie-civil-Bordeaux,0,1
,?,https://www.europages.fr/fr/company/chateaux-et-vins-de-bordeaux-22247363/products/chateau-la-freynelle-bordeaux-blanc-assemblage-de-sauvignon-semillon-et-muscadelle-35517818,,genie-civil-Bordeaux,0,1
,?,https://www.europages.fr/fr/company/manoir-de-valette-22246327/products/blaye-cotes-de-bordeaux-rouge-2016-domaine-de-lancien-manoir-de-valette-35725852,,genie-civil-Bordeaux,0,1
,?,https://www.europages.fr/fr/company/s3d-engineering-scan-3d-batiment-industrie-22200986/products/creation-de-plans-3d-et-pid-conversion-de-scans-35534987,,genie-civil-Bordeaux,0,1
,?,https://www.europages.fr/fr/company/haussmann-famille-20770387/products/chateau-de-paillet-quancard-36242691,,genie-civil-Bordeaux,0,1
,?,https://www.europages.fr/fr/company/champagne-germar-breton-20721932/products/blanc-de-noirs-champagne-germar-breton-35287037,,genie-civil-Bordeaux,0,1
,?,https://www.europages.fr/fr/company/mariosommelier-winery-20123601/products/bollicina-rose-mariosommelier-metodo-classico-bollicina-rose-mariosommelier-35371640,,genie-civil-Bordeaux,0,1
,?,https://www.europages.fr/fr/company/rbl-rei-20047711/products/terminal-cimentier-transporteur-a-bande-et-ligne-pneumatique-35627109,,genie-civil-Bordeaux,0,1
,?,https://www.europages.fr/fr/company/bodegas-tino-22330073,,genie-civil-Bordeaux,0,1
,?,https://www.europages.fr/fr/company/chateau-roquefort-22193780/products/chateau-roquefort-2018-bordeaux-red-wine-35687293,,genie-civil-Bordeaux,0,1
,?,https://www.europages.fr/fr/company/societe-achat-discount-22225637/products/biere-pale-ale-hazy-americaine-nice-nhazy-55-35744086,,genie-civil-Bordeaux,0,1
ESCT MARSEILLE,?,,,genie-civil-Bordeaux,0,1
,?,https://www.europages.fr/fr/company/domaine-gael-martin-22249953/products/chiroubles-red-burgundy-traditional-vinification-35670964,,genie-civil-Bordeaux,0,1
,?,https://www.europages.fr/fr/company/smarquis-le-gout-de-nos-regions-22319751,,voirie-Bordeaux,0,1
,?,https://www.europages.fr/fr/company/ag-vins-22246989/products/chateau-lenclos-bordeaux-superieur-vin-rouge-francais-75cl-36091074,,voirie-Bordeaux,0,1
,?,https://www.europages.fr/fr/company/sas-007business-pragen-22208217/products/champagne-prestige-africa-royale-75-cl-carton-x-6-bouteilles-35307560,,voirie-Bordeaux,0,1
,?,https://www.europages.fr/fr/company/odesto-sarl-22214133/products/comte-robert-chateau-des-cordonniers-bordeaux-35411644,,voirie-Bordeaux,0,1
,?,https://www.europages.fr/fr/company/conciergerie-airbnb-paris-parisbnb-22285274,,voirie-Bordeaux,0,1
,?,https://www.europages.fr/fr/company/woxup-sas-22388310,,voirie-Bordeaux,0,1
,?,https://www.europages.fr/fr/company/chateau-bois-malot-22268057/products/chateau-bois-malot-bordeaux-blanc-sec-2022-millesime-disponible-2021-35243059,,voirie-Bordeaux,0,1
,?,https://www.europages.fr/fr/company/haussmann-famille-20770387/products/bordeaux-au-metre-36242706,,voirie-Bordeaux,0,1
,?,https://www.europages.fr/fr/company/societe-achat-discount-22225637/products/destockage-vins-bordeaux-superieur-prix-imbattables-35611153,,voirie-Bordeaux,0,1
,?,https://www.europages.fr/fr/company/gaec-terre-de-ghaya-22262269/products/panier-pique-nique-avec-produits-locaux-35481358,,voirie-Bordeaux,0,1
,?,https://www.europages.fr/fr/company/le-clos-des-grands-crus-22246862/products/chateau-tertre-roteboeuf-2020-francois-mitjavile-36262159,,voirie-Bordeaux,0,1
,?,https://www.europages.fr/fr/company/domaine-basse-ville-21264694/products/le-verroueille-2018-muscadet-sevre-maine-sur-lie-35526618,,voirie-Bordeaux,0,1
,?,https://www.europages.fr/fr/company/dixvins-21319145/products/bordeaux-superieur-1316-grande-reserve-2014-les-grands-chateaux-de-france-35414848,,voirie-Bordeaux,0,1
,?,https://www.europages.fr/fr/company/la-cave-patrimoniale-sarl-20336145/products/grands-vins-de-bordeaux-2016-primeurs-1er-grands-crus-classes-de-bordeaux-35289021,,voirie-Bordeaux,0,1
,?,https://www.europages.fr/fr/company/bordeaux-rive-droite-20149666/products/chateau-la-fleur-petrus-grand-vin-de-pomerol-35666502,,voirie-Bordeaux,0,1
,?,https://www.europages.fr/fr/company/chateau-du-garde-22204918/products/aoc-bordeaux-clairet-2020-35380920,,voirie-Bordeaux,0,1
